IndicatorCode,Indicator,ValueType,ParentLocationCode,ParentLocation,Location type,SpatialDimValueCode,Location,Period type,Period,IsLatestYear,Dim1 type,Dim1,Dim1ValueCode,Dim2 type,Dim2,Dim2ValueCode,Dim3 type,Dim3,Dim3ValueCode,DataSourceDimValueCode,DataSource,FactValueNumericPrefix,FactValueNumeric,FactValueUoM,FactValueNumericLowPrefix,FactValueNumericLow,FactValueNumericHighPrefix,FactValueNumericHigh,Value,FactValueTranslationID,FactComments,Language,DateModified
HEPATITIS_HBV_INFECTIONS_NEW_NUM,New chronic hepatitis B (HBV) infections (number),numeric,EUR,Europe,Country,AND,Andorra,Year,2022,true,,,,,,,,,,,,,0.00,,,,,,0,,,EN,2025-01-08 00:00:00
HEPATITIS_HBV_INFECTIONS_NEW_NUM,New chronic hepatitis B (HBV) infections (number),numeric,EUR,Europe,Country,MCO,Monaco,Year,2022,true,,,,,,,,,,,,,0.00,,,,,,0,,,EN,2025-01-08 00:00:00
HEPATITIS_HBV_INFECTIONS_NEW_NUM,New chronic hepatitis B (HBV) infections (number),numeric,EUR,Europe,Country,SMR,San Marino,Year,2022,true,,,,,,,,,,,,,0.00,,,,,,0,,,EN,2025-01-08 00:00:00
HEPATITIS_HBV_INFECTIONS_NEW_NUM,New chronic hepatitis B (HBV) infections (number),numeric,WPR,Western Pacific,Country,BRN,Brunei Darussalam,Year,2022,true,,,,,,,,,,,,,1.00,,,,,,1,,,EN,2025-01-08 00:00:00
HEPATITIS_HBV_INFECTIONS_NEW_NUM,New chronic hepatitis B (HBV) infections (number),numeric,EUR,Europe,Country,ISL,Iceland,Year,2022,true,,,,,,,,,,,,,1.00,,,,,,1,,,EN,2025-01-08 00:00:00
HEPATITIS_HBV_INFECTIONS_NEW_NUM,New chronic hepatitis B (HBV) infections (number),numeric,WPR,Western Pacific,Country,NIU,Niue,Year,2022,true,,,,,,,,,,,,,1.00,,,,,,1,,,EN,2025-01-08 00:00:00
HEPATITIS_HBV_INFECTIONS_NEW_NUM,New chronic hepatitis B (HBV) infections (number),numeric,AFR,Africa,Country,BEN,Benin,Year,2022,true,,,,,,,,,,,,,10139.00,,,,,,10 139,,,EN,2025-01-08 00:00:00
HEPATITIS_HBV_INFECTIONS_NEW_NUM,New chronic hepatitis B (HBV) infections (number),numeric,AFR,Africa,Country,GHA,Ghana,Year,2022,true,,,,,,,,,,,,,10325.00,,,,,,10 325,,,EN,2025-01-08 00:00:00
HEPATITIS_HBV_INFECTIONS_NEW_NUM,New chronic hepatitis B (HBV) infections (number),numeric,AFR,Africa,Country,TZA,United Republic of Tanzania,Year,2022,true,,,,,,,,,,,,,10410.00,,,,,,10 410,,,EN,2025-01-08 00:00:00
HEPATITIS_HBV_INFECTIONS_NEW_NUM,New chronic hepatitis B (HBV) infections (number),numeric,AFR,Africa,Country,LSO,Lesotho,Year,2022,true,,,,,,,,,,,,,1048.00,,,,,,1048,,,EN,2025-01-08 00:00:00
HEPATITIS_HBV_INFECTIONS_NEW_NUM,New chronic hepatitis B (HBV) infections (number),numeric,AFR,Africa,Country,COD,Democratic Republic of the Congo,Year,2022,true,,,,,,,,,,,,,105240.00,,,,,,105 240,,,EN,2025-01-08 00:00:00
HEPATITIS_HBV_INFECTIONS_NEW_NUM,New chronic hepatitis B (HBV) infections (number),numeric,AMR,Americas,Country,PRY,Paraguay,Year,2022,true,,,,,,,,,,,,,106.00,,,,,,106,,,EN,2025-01-08 00:00:00
HEPATITIS_HBV_INFECTIONS_NEW_NUM,New chronic hepatitis B (HBV) infections (number),numeric,AFR,Africa,Country,KEN,Kenya,Year,2022,true,,,,,,,,,,,,,11518.00,,,,,,11 518,,,EN,2025-01-08 00:00:00
HEPATITIS_HBV_INFECTIONS_NEW_NUM,New chronic hepatitis B (HBV) infections (number),numeric,SEAR,South-East Asia,Country,THA,Thailand,Year,2022,true,,,,,,,,,,,,,1104.00,,,,,,1104,,,EN,2024-04-02 00:00:00
HEPATITIS_HBV_INFECTIONS_NEW_NUM,New chronic hepatitis B (HBV) infections (number),numeric,AMR,Americas,Country,VEN,Venezuela (Bolivarian Republic of),Year,2022,true,,,,,,,,,,,,,1187.00,,,,,,1187,,,EN,2025-01-08 00:00:00
HEPATITIS_HBV_INFECTIONS_NEW_NUM,New chronic hepatitis B (HBV) infections (number),numeric,WPR,Western Pacific,Country,COK,Cook Islands,Year,2022,true,,,,,,,,,,,,,12.00,,,,,,12,,,EN,2025-01-08 00:00:00
HEPATITIS_HBV_INFECTIONS_NEW_NUM,New chronic hepatitis B (HBV) infections (number),numeric,AFR,Africa,Country,CAF,Central African Republic,Year,2022,true,,,,,,,,,,,,,12204.00,,,,,,12 204,,,EN,2025-01-08 00:00:00
HEPATITIS_HBV_INFECTIONS_NEW_NUM,New chronic hepatitis B (HBV) infections (number),numeric,EMR,Eastern Mediterranean,Country,SOM,Somalia,Year,2022,true,,,,,,,,,,,,,12218.00,,,,,,12 218,,,EN,2025-01-08 00:00:00
HEPATITIS_HBV_INFECTIONS_NEW_NUM,New chronic hepatitis B (HBV) infections (number),numeric,AFR,Africa,Country,MLI,Mali,Year,2022,true,,,,,,,,,,,,,12432.00,,,,,,12 432,,,EN,2025-01-08 00:00:00
HEPATITIS_HBV_INFECTIONS_NEW_NUM,New chronic hepatitis B (HBV) infections (number),numeric,WPR,Western Pacific,Country,VNM,Viet Nam,Year,2022,true,,,,,,,,,,,,,12605.00,,,,,,12 605,,,EN,2025-01-08 00:00:00
HEPATITIS_HBV_INFECTIONS_NEW_NUM,New chronic hepatitis B (HBV) infections (number),numeric,WPR,Western Pacific,Country,VUT,Vanuatu,Year,2022,true,,,,,,,,,,,,,120.00,,,,,,120,,,EN,2024-04-02 00:00:00
HEPATITIS_HBV_INFECTIONS_NEW_NUM,New chronic hepatitis B (HBV) infections (number),numeric,EUR,Europe,Country,SRB,Serbia,Year,2022,true,,,,,,,,,,,,,127.00,,,,,,127,,,EN,2025-01-08 00:00:00
HEPATITIS_HBV_INFECTIONS_NEW_NUM,New chronic hepatitis B (HBV) infections (number),numeric,WPR,Western Pacific,Country,PLW,Palau,Year,2022,true,,,,,,,,,,,,,13.00,,,,,,13,,,EN,2025-01-08 00:00:00
HEPATITIS_HBV_INFECTIONS_NEW_NUM,New chronic hepatitis B (HBV) infections (number),numeric,AFR,Africa,Country,ZAF,South Africa,Year,2022,true,,,,,,,,,,,,,13339.00,,,,,,13 339,,,EN,2025-01-08 00:00:00
HEPATITIS_HBV_INFECTIONS_NEW_NUM,New chronic hepatitis B (HBV) infections (number),numeric,AFR,Africa,Country,MOZ,Mozambique,Year,2022,true,,,,,,,,,,,,,13807.00,,,,,,13 807,,,EN,2025-01-08 00:00:00
HEPATITIS_HBV_INFECTIONS_NEW_NUM,New chronic hepatitis B (HBV) infections (number),numeric,EUR,Europe,Country,GEO,Georgia,Year,2022,true,,,,,,,,,,,,,132.00,,,,,,132,,,EN,2024-04-02 00:00:00
HEPATITIS_HBV_INFECTIONS_NEW_NUM,New chronic hepatitis B (HBV) infections (number),numeric,EUR,Europe,Country,TUR,Türkiye,Year,2022,true,,,,,,,,,,,,,1329.00,,,,,,1329,,,EN,2025-01-08 00:00:00
HEPATITIS_HBV_INFECTIONS_NEW_NUM,New chronic hepatitis B (HBV) infections (number),numeric,AMR,Americas,Country,BRB,Barbados,Year,2022,true,,,,,,,,,,,,,14.00,,,,,,14,,,EN,2025-01-08 00:00:00
HEPATITIS_HBV_INFECTIONS_NEW_NUM,New chronic hepatitis B (HBV) infections (number),numeric,SEAR,South-East Asia,Country,BTN,Bhutan,Year,2022,true,,,,,,,,,,,,,14.00,,,,,,14,,,EN,2024-04-02 00:00:00
HEPATITIS_HBV_INFECTIONS_NEW_NUM,New chronic hepatitis B (HBV) infections (number),numeric,AFR,Africa,Country,CMR,Cameroon,Year,2022,true,,,,,,,,,,,,,14763.00,,,,,,14 763,,,EN,2025-01-08 00:00:00
HEPATITIS_HBV_INFECTIONS_NEW_NUM,New chronic hepatitis B (HBV) infections (number),numeric,AFR,Africa,Country,GMB,Gambia,Year,2022,true,,,,,,,,,,,,,142.00,,,,,,142,,,EN,2025-01-08 00:00:00
HEPATITIS_HBV_INFECTIONS_NEW_NUM,New chronic hepatitis B (HBV) infections (number),numeric,AFR,Africa,Country,GAB,Gabon,Year,2022,true,,,,,,,,,,,,,1435.00,,,,,,1435,,,EN,2025-01-08 00:00:00
HEPATITIS_HBV_INFECTIONS_NEW_NUM,New chronic hepatitis B (HBV) infections (number),numeric,SEAR,South-East Asia,Country,LKA,Sri Lanka,Year,2022,true,,,,,,,,,,,,,1491.00,,,,,,1491,,,EN,2025-01-08 00:00:00
HEPATITIS_HBV_INFECTIONS_NEW_NUM,New chronic hepatitis B (HBV) infections (number),numeric,AMR,Americas,Country,HTI,Haiti,Year,2022,true,,,,,,,,,,,,,1498.00,,,,,,1498,,,EN,2025-01-08 00:00:00
HEPATITIS_HBV_INFECTIONS_NEW_NUM,New chronic hepatitis B (HBV) infections (number),numeric,EUR,Europe,Country,CHE,Switzerland,Year,2022,true,,,,,,,,,,,,,15.00,,,,,,15,,,EN,2025-01-08 00:00:00
HEPATITIS_HBV_INFECTIONS_NEW_NUM,New chronic hepatitis B (HBV) infections (number),numeric,EMR,Eastern Mediterranean,Country,PAK,Pakistan,Year,2022,true,,,,,,,,,,,,,15068.00,,,,,,15 068,,,EN,2025-01-08 00:00:00
HEPATITIS_HBV_INFECTIONS_NEW_NUM,New chronic hepatitis B (HBV) infections (number),numeric,EMR,Eastern Mediterranean,Country,SDN,Sudan,Year,2022,true,,,,,,,,,,,,,15376.00,,,,,,15 376,,,EN,2025-01-08 00:00:00
HEPATITIS_HBV_INFECTIONS_NEW_NUM,New chronic hepatitis B (HBV) infections (number),numeric,AMR,Americas,Country,ARG,Argentina,Year,2022,true,,,,,,,,,,,,,152.00,,,,,,152,,,EN,2025-01-08 00:00:00
HEPATITIS_HBV_INFECTIONS_NEW_NUM,New chronic hepatitis B (HBV) infections (number),numeric,WPR,Western Pacific,Country,JPN,Japan,Year,2022,true,,,,,,,,,,,,,152.00,,,,,,152,,,EN,2025-01-08 00:00:00
HEPATITIS_HBV_INFECTIONS_NEW_NUM,New chronic hepatitis B (HBV) infections (number),numeric,AFR,Africa,Country,GNQ,Equatorial Guinea,Year,2022,true,,,,,,,,,,,,,1569.00,,,,,,1569,,,EN,2025-01-08 00:00:00
HEPATITIS_HBV_INFECTIONS_NEW_NUM,New chronic hepatitis B (HBV) infections (number),numeric,WPR,Western Pacific,Country,IDN,Indonesia,Year,2022,true,,,,,,,,,,,,,158563.00,,,,,,158 563,,,EN,2025-01-08 00:00:00
HEPATITIS_HBV_INFECTIONS_NEW_NUM,New chronic hepatitis B (HBV) infections (number),numeric,AMR,Americas,Country,JAM,Jamaica,Year,2022,true,,,,,,,,,,,,,167.00,,,,,,167,,,EN,2025-01-08 00:00:00
HEPATITIS_HBV_INFECTIONS_NEW_NUM,New chronic hepatitis B (HBV) infections (number),numeric,EUR,Europe,Country,BIH,Bosnia and Herzegovina,Year,2022,true,,,,,,,,,,,,,168.00,,,,,,168,,,EN,2025-01-08 00:00:00
HEPATITIS_HBV_INFECTIONS_NEW_NUM,New chronic hepatitis B (HBV) infections (number),numeric,EUR,Europe,Country,ISR,Israel,Year,2022,true,,,,,,,,,,,,,169.00,,,,,,169,,,EN,2025-01-08 00:00:00
HEPATITIS_HBV_INFECTIONS_NEW_NUM,New chronic hepatitis B (HBV) infections (number),numeric,SEAR,South-East Asia,Country,MDV,Maldives,Year,2022,true,,,,,,,,,,,,,175.00,,,,,,175,,,EN,2025-01-08 00:00:00
HEPATITIS_HBV_INFECTIONS_NEW_NUM,New chronic hepatitis B (HBV) infections (number),numeric,EMR,Eastern Mediterranean,Country,EGY,Egypt,Year,2022,true,,,,,,,,,,,,,1778.00,,,,,,1778,,,EN,2024-04-02 00:00:00
HEPATITIS_HBV_INFECTIONS_NEW_NUM,New chronic hepatitis B (HBV) infections (number),numeric,WPR,Western Pacific,Country,NZL,New Zealand,Year,2022,true,,,,,,,,,,,,,18.00,,,,,,18,,,EN,2025-01-08 00:00:00
HEPATITIS_HBV_INFECTIONS_NEW_NUM,New chronic hepatitis B (HBV) infections (number),numeric,EMR,Eastern Mediterranean,Country,MAR,Morocco,Year,2022,true,,,,,,,,,,,,,187.00,,,,,,187,,,EN,2025-01-08 00:00:00
HEPATITIS_HBV_INFECTIONS_NEW_NUM,New chronic hepatitis B (HBV) infections (number),numeric,AMR,Americas,Country,MEX,Mexico,Year,2022,true,,,,,,,,,,,,,188.00,,,,,,188,,,EN,2024-04-02 00:00:00
HEPATITIS_HBV_INFECTIONS_NEW_NUM,New chronic hepatitis B (HBV) infections (number),numeric,WPR,Western Pacific,Country,KOR,Republic of Korea,Year,2022,true,,,,,,,,,,,,,189.00,,,,,,189,,,EN,2025-01-08 00:00:00
HEPATITIS_HBV_INFECTIONS_NEW_NUM,New chronic hepatitis B (HBV) infections (number),numeric,EUR,Europe,Country,ARM,Armenia,Year,2022,true,,,,,,,,,,,,,19.00,,,,,,19,,,EN,2024-04-02 00:00:00
HEPATITIS_HBV_INFECTIONS_NEW_NUM,New chronic hepatitis B (HBV) infections (number),numeric,AMR,Americas,Country,SUR,Suriname,Year,2022,true,,,,,,,,,,,,,19.00,,,,,,19,,,EN,2025-01-08 00:00:00
HEPATITIS_HBV_INFECTIONS_NEW_NUM,New chronic hepatitis B (HBV) infections (number),numeric,WPR,Western Pacific,Country,TON,Tonga,Year,2022,true,,,,,,,,,,,,,19.00,,,,,,19,,,EN,2025-01-08 00:00:00
HEPATITIS_HBV_INFECTIONS_NEW_NUM,New chronic hepatitis B (HBV) infections (number),numeric,EMR,Eastern Mediterranean,Country,SYR,Syrian Arab Republic,Year,2022,true,,,,,,,,,,,,,19724.00,,,,,,19 724,,,EN,2025-01-08 00:00:00
HEPATITIS_HBV_INFECTIONS_NEW_NUM,New chronic hepatitis B (HBV) infections (number),numeric,AFR,Africa,Country,MRT,Mauritania,Year,2022,true,,,,,,,,,,,,,1938.00,,,,,,1938,,,EN,2025-01-08 00:00:00
HEPATITIS_HBV_INFECTIONS_NEW_NUM,New chronic hepatitis B (HBV) infections (number),numeric,AFR,Africa,Country,LBR,Liberia,Year,2022,true,,,,,,,,,,,,,1996.00,,,,,,1996,,,EN,2025-01-08 00:00:00
HEPATITIS_HBV_INFECTIONS_NEW_NUM,New chronic hepatitis B (HBV) infections (number),numeric,AMR,Americas,Country,CRI,Costa Rica,Year,2022,true,,,,,,,,,,,,,2.00,,,,,,2,,,EN,2025-01-08 00:00:00
HEPATITIS_HBV_INFECTIONS_NEW_NUM,New chronic hepatitis B (HBV) infections (number),numeric,AMR,Americas,Country,KNA,Saint Kitts and Nevis,Year,2022,true,,,,,,,,,,,,,2.00,,,,,,2,,,EN,2025-01-08 00:00:00
HEPATITIS_HBV_INFECTIONS_NEW_NUM,New chronic hepatitis B (HBV) infections (number),numeric,AMR,Americas,Country,GTM,Guatemala,Year,2022,true,,,,,,,,,,,,,200.00,,,,,,200,,,EN,2025-01-08 00:00:00
HEPATITIS_HBV_INFECTIONS_NEW_NUM,New chronic hepatitis B (HBV) infections (number),numeric,SEAR,South-East Asia,Country,NPL,Nepal,Year,2022,true,,,,,,,,,,,,,2023.00,,,,,,2023,,,EN,2025-01-08 00:00:00
HEPATITIS_HBV_INFECTIONS_NEW_NUM,New chronic hepatitis B (HBV) infections (number),numeric,AMR,Americas,Country,BOL,Bolivia (Plurinational State of),Year,2022,true,,,,,,,,,,,,,207.00,,,,,,207,,,EN,2025-01-08 00:00:00
HEPATITIS_HBV_INFECTIONS_NEW_NUM,New chronic hepatitis B (HBV) infections (number),numeric,AMR,Americas,Country,BHS,Bahamas,Year,2022,true,,,,,,,,,,,,,21.00,,,,,,21,,,EN,2025-01-08 00:00:00
HEPATITIS_HBV_INFECTIONS_NEW_NUM,New chronic hepatitis B (HBV) infections (number),numeric,AMR,Americas,Country,PAN,Panama,Year,2022,true,,,,,,,,,,,,,21.00,,,,,,21,,,EN,2025-01-08 00:00:00
HEPATITIS_HBV_INFECTIONS_NEW_NUM,New chronic hepatitis B (HBV) infections (number),numeric,AFR,Africa,Country,BDI,Burundi,Year,2022,true,,,,,,,,,,,,,2100.00,,,,,,2100,,,EN,2025-01-08 00:00:00
HEPATITIS_HBV_INFECTIONS_NEW_NUM,New chronic hepatitis B (HBV) infections (number),numeric,AFR,Africa,Country,ZMB,Zambia,Year,2022,true,,,,,,,,,,,,,2169.00,,,,,,2169,,,EN,2025-01-08 00:00:00
HEPATITIS_HBV_INFECTIONS_NEW_NUM,New chronic hepatitis B (HBV) infections (number),numeric,WPR,Western Pacific,Country,FSM,Micronesia (Federated States of),Year,2022,true,,,,,,,,,,,,,22.00,,,,,,22,,,EN,2025-01-08 00:00:00
HEPATITIS_HBV_INFECTIONS_NEW_NUM,New chronic hepatitis B (HBV) infections (number),numeric,AFR,Africa,Country,GIN,Guinea,Year,2022,true,,,,,,,,,,,,,22313.00,,,,,,22 313,,,EN,2025-01-08 00:00:00
HEPATITIS_HBV_INFECTIONS_NEW_NUM,New chronic hepatitis B (HBV) infections (number),numeric,WPR,Western Pacific,Country,AUS,Australia,Year,2022,true,,,,,,,,,,,,,222.00,,,,,,222,,,EN,2024-04-02 00:00:00
HEPATITIS_HBV_INFECTIONS_NEW_NUM,New chronic hepatitis B (HBV) infections (number),numeric,AFR,Africa,Country,COM,Comoros,Year,2022,true,,,,,,,,,,,,,230.00,,,,,,230,,,EN,2025-01-08 00:00:00
HEPATITIS_HBV_INFECTIONS_NEW_NUM,New chronic hepatitis B (HBV) infections (number),numeric,EMR,Eastern Mediterranean,Country,LBY,Libya,Year,2022,true,,,,,,,,,,,,,232.00,,,,,,232,,,EN,2024-04-02 00:00:00
HEPATITIS_HBV_INFECTIONS_NEW_NUM,New chronic hepatitis B (HBV) infections (number),numeric,AMR,Americas,Country,TTO,Trinidad and Tobago,Year,2022,true,,,,,,,,,,,,,25.00,,,,,,25,,,EN,2025-01-08 00:00:00
HEPATITIS_HBV_INFECTIONS_NEW_NUM,New chronic hepatitis B (HBV) infections (number),numeric,EMR,Eastern Mediterranean,Country,ARE,United Arab Emirates,Year,2022,true,,,,,,,,,,,,,25.00,,,,,,25,,,EN,2025-01-08 00:00:00
HEPATITIS_HBV_INFECTIONS_NEW_NUM,New chronic hepatitis B (HBV) infections (number),numeric,AFR,Africa,Country,TCD,Chad,Year,2022,true,,,,,,,,,,,,,25053.00,,,,,,25 053,,,EN,2025-01-08 00:00:00
HEPATITIS_HBV_INFECTIONS_NEW_NUM,New chronic hepatitis B (HBV) infections (number),numeric,AFR,Africa,Country,SLE,Sierra Leone,Year,2022,true,,,,,,,,,,,,,2506.00,,,,,,2506,,,EN,2025-01-08 00:00:00
HEPATITIS_HBV_INFECTIONS_NEW_NUM,New chronic hepatitis B (HBV) infections (number),numeric,AMR,Americas,Country,ECU,Ecuador,Year,2022,true,,,,,,,,,,,,,251.00,,,,,,251,,,EN,2025-01-08 00:00:00
HEPATITIS_HBV_INFECTIONS_NEW_NUM,New chronic hepatitis B (HBV) infections (number),numeric,AFR,Africa,Country,SEN,Senegal,Year,2022,true,,,,,,,,,,,,,2569.00,,,,,,2569,,,EN,2025-01-08 00:00:00
HEPATITIS_HBV_INFECTIONS_NEW_NUM,New chronic hepatitis B (HBV) infections (number),numeric,EMR,Eastern Mediterranean,Country,KWT,Kuwait,Year,2022,true,,,,,,,,,,,,,26.00,,,,,,26,,,EN,2025-01-08 00:00:00
HEPATITIS_HBV_INFECTIONS_NEW_NUM,New chronic hepatitis B (HBV) infections (number),numeric,AFR,Africa,Country,MWI,Malawi,Year,2022,true,,,,,,,,,,,,,2680.00,,,,,,2680,,,EN,2025-01-08 00:00:00
HEPATITIS_HBV_INFECTIONS_NEW_NUM,New chronic hepatitis B (HBV) infections (number),numeric,EUR,Europe,Country,MDA,Republic of Moldova,Year,2022,true,,,,,,,,,,,,,270.00,,,,,,270,,,EN,2025-01-08 00:00:00
HEPATITIS_HBV_INFECTIONS_NEW_NUM,New chronic hepatitis B (HBV) infections (number),numeric,EMR,Eastern Mediterranean,Country,SAU,Saudi Arabia,Year,2022,true,,,,,,,,,,,,,273.00,,,,,,273,,,EN,2025-01-08 00:00:00
HEPATITIS_HBV_INFECTIONS_NEW_NUM,New chronic hepatitis B (HBV) infections (number),numeric,AMR,Americas,Country,COL,Colombia,Year,2022,true,,,,,,,,,,,,,277.00,,,,,,277,,,EN,2025-01-08 00:00:00
HEPATITIS_HBV_INFECTIONS_NEW_NUM,New chronic hepatitis B (HBV) infections (number),numeric,AMR,Americas,Country,DOM,Dominican Republic,Year,2022,true,,,,,,,,,,,,,281.00,,,,,,281,,,EN,2025-01-08 00:00:00
HEPATITIS_HBV_INFECTIONS_NEW_NUM,New chronic hepatitis B (HBV) infections (number),numeric,AFR,Africa,Country,NGA,Nigeria,Year,2022,true,,,,,,,,,,,,,299334.00,,,,,,299 334,,,EN,2025-01-08 00:00:00
HEPATITIS_HBV_INFECTIONS_NEW_NUM,New chronic hepatitis B (HBV) infections (number),numeric,AMR,Americas,Country,CUB,Cuba,Year,2022,true,,,,,,,,,,,,,3.00,,,,,,3,,,EN,2025-01-08 00:00:00
HEPATITIS_HBV_INFECTIONS_NEW_NUM,New chronic hepatitis B (HBV) infections (number),numeric,WPR,Western Pacific,Country,TUV,Tuvalu,Year,2022,true,,,,,,,,,,,,,3.00,,,,,,3,,,EN,2025-01-08 00:00:00
HEPATITIS_HBV_INFECTIONS_NEW_NUM,New chronic hepatitis B (HBV) infections (number),numeric,WPR,Western Pacific,Country,PHL,Philippines,Year,2022,true,,,,,,,,,,,,,31609.00,,,,,,31 609,,,EN,2025-01-08 00:00:00
HEPATITIS_HBV_INFECTIONS_NEW_NUM,New chronic hepatitis B (HBV) infections (number),numeric,WPR,Western Pacific,Country,MNG,Mongolia,Year,2022,true,,,,,,,,,,,,,316.00,,,,,,316,,,EN,2025-01-08 00:00:00
HEPATITIS_HBV_INFECTIONS_NEW_NUM,New chronic hepatitis B (HBV) infections (number),numeric,AMR,Americas,Country,GUY,Guyana,Year,2022,true,,,,,,,,,,,,,32.00,,,,,,32,,,EN,2025-01-08 00:00:00
HEPATITIS_HBV_INFECTIONS_NEW_NUM,New chronic hepatitis B (HBV) infections (number),numeric,AFR,Africa,Country,ETH,Ethiopia,Year,2022,true,,,,,,,,,,,,,32926.00,,,,,,32 926,,,EN,2025-01-08 00:00:00
HEPATITIS_HBV_INFECTIONS_NEW_NUM,New chronic hepatitis B (HBV) infections (number),numeric,EMR,Eastern Mediterranean,Country,TUN,Tunisia,Year,2022,true,,,,,,,,,,,,,325.00,,,,,,325,,,EN,2025-01-08 00:00:00
HEPATITIS_HBV_INFECTIONS_NEW_NUM,New chronic hepatitis B (HBV) infections (number),numeric,EMR,Eastern Mediterranean,Country,IRN,Iran (Islamic Republic of),Year,2022,true,,,,,,,,,,,,,334.00,,,,,,334,,,EN,2025-01-08 00:00:00
HEPATITIS_HBV_INFECTIONS_NEW_NUM,New chronic hepatitis B (HBV) infections (number),numeric,WPR,Western Pacific,Country,SLB,Solomon Islands,Year,2022,true,,,,,,,,,,,,,334.00,,,,,,334,,,EN,2025-01-08 00:00:00
HEPATITIS_HBV_INFECTIONS_NEW_NUM,New chronic hepatitis B (HBV) infections (number),numeric,AFR,Africa,Country,SYC,Seychelles,Year,2022,true,,,,,,,,,,,,,36.00,,,,,,36,,,EN,2025-01-08 00:00:00
HEPATITIS_HBV_INFECTIONS_NEW_NUM,New chronic hepatitis B (HBV) infections (number),numeric,AMR,Americas,Country,PER,Peru,Year,2022,true,,,,,,,,,,,,,361.00,,,,,,361,,,EN,2025-01-08 00:00:00
HEPATITIS_HBV_INFECTIONS_NEW_NUM,New chronic hepatitis B (HBV) infections (number),numeric,WPR,Western Pacific,Country,FJI,Fiji,Year,2022,true,,,,,,,,,,,,,37.00,,,,,,37,,,EN,2025-01-08 00:00:00
HEPATITIS_HBV_INFECTIONS_NEW_NUM,New chronic hepatitis B (HBV) infections (number),numeric,AFR,Africa,Country,COG,Congo,Year,2022,true,,,,,,,,,,,,,3808.00,,,,,,3808,,,EN,2025-01-08 00:00:00
HEPATITIS_HBV_INFECTIONS_NEW_NUM,New chronic hepatitis B (HBV) infections (number),numeric,WPR,Western Pacific,Country,KIR,Kiribati,Year,2022,true,,,,,,,,,,,,,39.00,,,,,,39,,,EN,2025-01-08 00:00:00
HEPATITIS_HBV_INFECTIONS_NEW_NUM,New chronic hepatitis B (HBV) infections (number),numeric,AMR,Americas,Country,DMA,Dominica,Year,2022,true,,,,,,,,,,,,,4.00,,,,,,4,,,EN,2025-01-08 00:00:00
HEPATITIS_HBV_INFECTIONS_NEW_NUM,New chronic hepatitis B (HBV) infections (number),numeric,EUR,Europe,Country,NOR,Norway,Year,2022,true,,,,,,,,,,,,,4.00,,,,,,4,,,EN,2025-01-08 00:00:00
HEPATITIS_HBV_INFECTIONS_NEW_NUM,New chronic hepatitis B (HBV) infections (number),numeric,AFR,Africa,Country,SWZ,Eswatini,Year,2022,true,,,,,,,,,,,,,403.00,,,,,,403,,,EN,2025-01-08 00:00:00
HEPATITIS_HBV_INFECTIONS_NEW_NUM,New chronic hepatitis B (HBV) infections (number),numeric,AFR,Africa,Country,MDG,Madagascar,Year,2022,true,,,,,,,,,,,,,4087.00,,,,,,4087,,,EN,2025-01-08 00:00:00
HEPATITIS_HBV_INFECTIONS_NEW_NUM,New chronic hepatitis B (HBV) infections (number),numeric,WPR,Western Pacific,Country,WSM,Samoa,Year,2022,true,,,,,,,,,,,,,41.00,,,,,,41,,,EN,2025-01-08 00:00:00
HEPATITIS_HBV_INFECTIONS_NEW_NUM,New chronic hepatitis B (HBV) infections (number),numeric,WPR,Western Pacific,Country,SGP,Singapore,Year,2022,true,,,,,,,,,,,,,41.00,,,,,,41,,,EN,2025-01-08 00:00:00
HEPATITIS_HBV_INFECTIONS_NEW_NUM,New chronic hepatitis B (HBV) infections (number),numeric,AFR,Africa,Country,NER,Niger,Year,2022,true,,,,,,,,,,,,,43850.00,,,,,,43 850,,,EN,2025-01-08 00:00:00
HEPATITIS_HBV_INFECTIONS_NEW_NUM,New chronic hepatitis B (HBV) infections (number),numeric,AFR,Africa,Country,MUS,Mauritius,Year,2022,true,,,,,,,,,,,,,433.00,,,,,,433,,,EN,2025-01-08 00:00:00
HEPATITIS_HBV_INFECTIONS_NEW_NUM,New chronic hepatitis B (HBV) infections (number),numeric,AMR,Americas,Country,HND,Honduras,Year,2022,true,,,,,,,,,,,,,46.00,,,,,,46,,,EN,2025-01-08 00:00:00
HEPATITIS_HBV_INFECTIONS_NEW_NUM,New chronic hepatitis B (HBV) infections (number),numeric,EMR,Eastern Mediterranean,Country,JOR,Jordan,Year,2022,true,,,,,,,,,,,,,472.00,,,,,,472,,,EN,2025-01-08 00:00:00
HEPATITIS_HBV_INFECTIONS_NEW_NUM,New chronic hepatitis B (HBV) infections (number),numeric,EUR,Europe,Country,MKD,North Macedonia,Year,2022,true,,,,,,,,,,,,,48.00,,,,,,48,,,EN,2025-01-08 00:00:00
HEPATITIS_HBV_INFECTIONS_NEW_NUM,New chronic hepatitis B (HBV) infections (number),numeric,AMR,Americas,Country,ATG,Antigua and Barbuda,Year,2022,true,,,,,,,,,,,,,5.00,,,,,,5,,,EN,2025-01-08 00:00:00
HEPATITIS_HBV_INFECTIONS_NEW_NUM,New chronic hepatitis B (HBV) infections (number),numeric,AMR,Americas,Country,BLZ,Belize,Year,2022,true,,,,,,,,,,,,,5.00,,,,,,5,,,EN,2025-01-08 00:00:00
HEPATITIS_HBV_INFECTIONS_NEW_NUM,New chronic hepatitis B (HBV) infections (number),numeric,AMR,Americas,Country,VCT,Saint Vincent and the Grenadines,Year,2022,true,,,,,,,,,,,,,5.00,,,,,,5,,,EN,2025-01-08 00:00:00
HEPATITIS_HBV_INFECTIONS_NEW_NUM,New chronic hepatitis B (HBV) infections (number),numeric,AMR,Americas,Country,SLV,El Salvador,Year,2022,true,,,,,,,,,,,,,51.00,,,,,,51,,,EN,2025-01-08 00:00:00
HEPATITIS_HBV_INFECTIONS_NEW_NUM,New chronic hepatitis B (HBV) infections (number),numeric,EMR,Eastern Mediterranean,Country,QAT,Qatar,Year,2022,true,,,,,,,,,,,,,51.00,,,,,,51,,,EN,2025-01-08 00:00:00
HEPATITIS_HBV_INFECTIONS_NEW_NUM,New chronic hepatitis B (HBV) infections (number),numeric,AFR,Africa,Country,AGO,Angola,Year,2022,true,,,,,,,,,,,,,51873.00,,,,,,51 873,,,EN,2025-01-08 00:00:00
HEPATITIS_HBV_INFECTIONS_NEW_NUM,New chronic hepatitis B (HBV) infections (number),numeric,EMR,Eastern Mediterranean,Country,AFG,Afghanistan,Year,2022,true,,,,,,,,,,,,,5225.00,,,,,,5225,,,EN,2025-01-08 00:00:00
HEPATITIS_HBV_INFECTIONS_NEW_NUM,New chronic hepatitis B (HBV) infections (number),numeric,WPR,Western Pacific,Country,MYS,Malaysia,Year,2022,true,,,,,,,,,,,,,5230.00,,,,,,5230,,,EN,2024-04-02 00:00:00
HEPATITIS_HBV_INFECTIONS_NEW_NUM,New chronic hepatitis B (HBV) infections (number),numeric,AFR,Africa,Country,ZWE,Zimbabwe,Year,2022,true,,,,,,,,,,,,,5389.00,,,,,,5389,,,EN,2025-01-08 00:00:00
HEPATITIS_HBV_INFECTIONS_NEW_NUM,New chronic hepatitis B (HBV) infections (number),numeric,EUR,Europe,Country,TJK,Tajikistan,Year,2022,true,,,,,,,,,,,,,541.00,,,,,,541,,,EN,2025-01-08 00:00:00
HEPATITIS_HBV_INFECTIONS_NEW_NUM,New chronic hepatitis B (HBV) infections (number),numeric,AFR,Africa,Country,TGO,Togo,Year,2022,true,,,,,,,,,,,,,5454.00,,,,,,5454,,,EN,2025-01-08 00:00:00
HEPATITIS_HBV_INFECTIONS_NEW_NUM,New chronic hepatitis B (HBV) infections (number),numeric,EUR,Europe,Country,TKM,Turkmenistan,Year,2022,true,,,,,,,,,,,,,547.00,,,,,,547,,,EN,2025-01-08 00:00:00
HEPATITIS_HBV_INFECTIONS_NEW_NUM,New chronic hepatitis B (HBV) infections (number),numeric,EMR,Eastern Mediterranean,Country,YEM,Yemen,Year,2022,true,,,,,,,,,,,,,5474.00,,,,,,5474,,,EN,2025-01-08 00:00:00
HEPATITIS_HBV_INFECTIONS_NEW_NUM,New chronic hepatitis B (HBV) infections (number),numeric,AFR,Africa,Country,UGA,Uganda,Year,2022,true,,,,,,,,,,,,,5549.00,,,,,,5549,,,EN,2025-01-08 00:00:00
HEPATITIS_HBV_INFECTIONS_NEW_NUM,New chronic hepatitis B (HBV) infections (number),numeric,AMR,Americas,Country,GRD,Grenada,Year,2022,true,,,,,,,,,,,,,6.00,,,,,,6,,,EN,2025-01-08 00:00:00
HEPATITIS_HBV_INFECTIONS_NEW_NUM,New chronic hepatitis B (HBV) infections (number),numeric,EUR,Europe,Country,MNE,Montenegro,Year,2022,true,,,,,,,,,,,,,6.00,,,,,,6,,,EN,2025-01-08 00:00:00
HEPATITIS_HBV_INFECTIONS_NEW_NUM,New chronic hepatitis B (HBV) infections (number),numeric,AFR,Africa,Country,NAM,Namibia,Year,2022,true,,,,,,,,,,,,,630.00,,,,,,630,,,EN,2025-01-08 00:00:00
HEPATITIS_HBV_INFECTIONS_NEW_NUM,New chronic hepatitis B (HBV) infections (number),numeric,AMR,Americas,Country,BRA,Brazil,Year,2022,true,,,,,,,,,,,,,642.00,,,,,,642,,,EN,2025-01-08 00:00:00
HEPATITIS_HBV_INFECTIONS_NEW_NUM,New chronic hepatitis B (HBV) infections (number),numeric,AFR,Africa,Country,BWA,Botswana,Year,2022,true,,,,,,,,,,,,,645.00,,,,,,645,,,EN,2025-01-08 00:00:00
HEPATITIS_HBV_INFECTIONS_NEW_NUM,New chronic hepatitis B (HBV) infections (number),numeric,SEAR,South-East Asia,Country,TLS,Timor-Leste,Year,2022,true,,,,,,,,,,,,,657.00,,,,,,657,,,EN,2025-01-08 00:00:00
HEPATITIS_HBV_INFECTIONS_NEW_NUM,New chronic hepatitis B (HBV) infections (number),numeric,AFR,Africa,Country,CIV,Cote d'Ivoire,Year,2022,true,,,,,,,,,,,,,6986.00,,,,,,6986,,,EN,2025-01-08 00:00:00
HEPATITIS_HBV_INFECTIONS_NEW_NUM,New chronic hepatitis B (HBV) infections (number),numeric,AFR,Africa,Country,DZA,Algeria,Year,2022,true,,,,,,,,,,,,,709.00,,,,,,709,,,EN,2025-01-08 00:00:00
HEPATITIS_HBV_INFECTIONS_NEW_NUM,New chronic hepatitis B (HBV) infections (number),numeric,EMR,Eastern Mediterranean,Country,DJI,Djibouti,Year,2022,true,,,,,,,,,,,,,725.00,,,,,,725,,,EN,2025-01-08 00:00:00
HEPATITIS_HBV_INFECTIONS_NEW_NUM,New chronic hepatitis B (HBV) infections (number),numeric,EUR,Europe,Country,KGZ,Kyrgyzstan,Year,2022,true,,,,,,,,,,,,,730.00,,,,,,730,,,EN,2025-01-08 00:00:00
HEPATITIS_HBV_INFECTIONS_NEW_NUM,New chronic hepatitis B (HBV) infections (number),numeric,AFR,Africa,Country,BFA,Burkina Faso,Year,2022,true,,,,,,,,,,,,,7307.00,,,,,,7307,,,EN,2024-04-02 00:00:00
HEPATITIS_HBV_INFECTIONS_NEW_NUM,New chronic hepatitis B (HBV) infections (number),numeric,EMR,Eastern Mediterranean,Country,OMN,Oman,Year,2022,true,,,,,,,,,,,,,74.00,,,,,,74,,,EN,2025-01-08 00:00:00
HEPATITIS_HBV_INFECTIONS_NEW_NUM,New chronic hepatitis B (HBV) infections (number),numeric,AFR,Africa,Country,STP,Sao Tome and Principe,Year,2022,true,,,,,,,,,,,,,74.00,,,,,,74,,,EN,2025-01-08 00:00:00
HEPATITIS_HBV_INFECTIONS_NEW_NUM,New chronic hepatitis B (HBV) infections (number),numeric,AFR,Africa,Country,ERI,Eritrea,Year,2022,true,,,,,,,,,,,,,775.00,,,,,,775,,,EN,2025-01-08 00:00:00
HEPATITIS_HBV_INFECTIONS_NEW_NUM,New chronic hepatitis B (HBV) infections (number),numeric,EMR,Eastern Mediterranean,Country,BHR,Bahrain,Year,2022,true,,,,,,,,,,,,,8.00,,,,,,8,,,EN,2025-01-08 00:00:00
HEPATITIS_HBV_INFECTIONS_NEW_NUM,New chronic hepatitis B (HBV) infections (number),numeric,AMR,Americas,Country,CHL,Chile,Year,2022,true,,,,,,,,,,,,,8.00,,,,,,8,,,EN,2025-01-08 00:00:00
HEPATITIS_HBV_INFECTIONS_NEW_NUM,New chronic hepatitis B (HBV) infections (number),numeric,WPR,Western Pacific,Country,MHL,Marshall Islands,Year,2022,true,,,,,,,,,,,,,8.00,,,,,,8,,,EN,2025-01-08 00:00:00
HEPATITIS_HBV_INFECTIONS_NEW_NUM,New chronic hepatitis B (HBV) infections (number),numeric,AMR,Americas,Country,URY,Uruguay,Year,2022,true,,,,,,,,,,,,,8.00,,,,,,8,,,EN,2025-01-08 00:00:00
HEPATITIS_HBV_INFECTIONS_NEW_NUM,New chronic hepatitis B (HBV) infections (number),numeric,AMR,Americas,Country,NIC,Nicaragua,Year,2022,true,,,,,,,,,,,,,80.00,,,,,,80,,,EN,2025-01-08 00:00:00
HEPATITIS_HBV_INFECTIONS_NEW_NUM,New chronic hepatitis B (HBV) infections (number),numeric,EUR,Europe,Country,UZB,Uzbekistan,Year,2022,true,,,,,,,,,,,,,801.00,,,,,,801,,,EN,2025-01-08 00:00:00
HEPATITIS_HBV_INFECTIONS_NEW_NUM,New chronic hepatitis B (HBV) infections (number),numeric,AFR,Africa,Country,RWA,Rwanda,Year,2022,true,,,,,,,,,,,,,8115.00,,,,,,8115,,,EN,2024-04-02 00:00:00
HEPATITIS_HBV_INFECTIONS_NEW_NUM,New chronic hepatitis B (HBV) infections (number),numeric,EMR,Eastern Mediterranean,Country,IRQ,Iraq,Year,2022,true,,,,,,,,,,,,,8241.00,,,,,,8241,,,EN,2025-01-08 00:00:00
HEPATITIS_HBV_INFECTIONS_NEW_NUM,New chronic hepatitis B (HBV) infections (number),numeric,WPR,Western Pacific,Country,PNG,Papua New Guinea,Year,2022,true,,,,,,,,,,,,,8545.00,,,,,,8545,,,EN,2025-01-08 00:00:00
HEPATITIS_HBV_INFECTIONS_NEW_NUM,New chronic hepatitis B (HBV) infections (number),numeric,EUR,Europe,Country,BLR,Belarus,Year,2022,true,,,,,,,,,,,,,858.00,,,,,,858,,,EN,2024-04-02 00:00:00
HEPATITIS_HBV_INFECTIONS_NEW_NUM,New chronic hepatitis B (HBV) infections (number),numeric,WPR,Western Pacific,Country,KHM,Cambodia,Year,2022,true,,,,,,,,,,,,,888.00,,,,,,888,,,EN,2024-04-02 00:00:00
HEPATITIS_HBV_INFECTIONS_NEW_NUM,New chronic hepatitis B (HBV) infections (number),numeric,WPR,Western Pacific,Country,NRU,Nauru,Year,2022,true,,,,,,,,,,,,,9.00,,,,,,9,,,EN,2025-01-08 00:00:00
HEPATITIS_HBV_INFECTIONS_NEW_NUM,New chronic hepatitis B (HBV) infections (number),numeric,AMR,Americas,Country,LCA,Saint Lucia,Year,2022,true,,,,,,,,,,,,,9.00,,,,,,9,,,EN,2025-01-08 00:00:00
HEPATITIS_HBV_INFECTIONS_NEW_NUM,New chronic hepatitis B (HBV) infections (number),numeric,EUR,Europe,Country,ALB,Albania,Year,2022,true,,,,,,,,,,,,,90.00,,,,,,90,,,EN,2025-01-08 00:00:00
HEPATITIS_HBV_INFECTIONS_NEW_NUM,New chronic hepatitis B (HBV) infections (number),numeric,AFR,Africa,Country,SSD,South Sudan,Year,2022,true,,,,,,,,,,,,,9232.00,,,,,,9232,,,EN,2025-01-08 00:00:00
HEPATITIS_HBV_INFECTIONS_NEW_NUM,New chronic hepatitis B (HBV) infections (number),numeric,EUR,Europe,Country,RUS,Russian Federation,Year,2022,true,,,,,,,,,,,,,9297.00,,,,,,9297,,,EN,2024-04-02 00:00:00
HEPATITIS_HBV_INFECTIONS_NEW_NUM,New chronic hepatitis B (HBV) infections (number),numeric,AFR,Africa,Country,GNB,Guinea-Bissau,Year,2022,true,,,,,,,,,,,,,936.00,,,,,,936,,,EN,2025-01-08 00:00:00
HEPATITIS_HBV_INFECTIONS_NEW_NUM,New chronic hepatitis B (HBV) infections (number),numeric,EMR,Eastern Mediterranean,Country,LBN,Lebanon,Year,2022,true,,,,,,,,,,,,,95.00,,,,,,95,,,EN,2025-01-08 00:00:00
HEPATITIS_HBV_INFECTIONS_NEW_NUM,New chronic hepatitis B (HBV) infections (number),numeric,EUR,Europe,Country,KAZ,Kazakhstan,Year,2022,true,,,,,,,,,,,,,956.00,,,,,,956,,,EN,2025-01-08 00:00:00
HEPATITIS_HBV_INFECTIONS_NEW_NUM,New chronic hepatitis B (HBV) infections (number),numeric,WPR,Western Pacific,Country,LAO,Lao People's Democratic Republic,Year,2022,true,,,,,,,,,,,,,961.00,,,,,,961,,,EN,2024-04-02 00:00:00
HEPATITIS_HBV_INFECTIONS_NEW_NUM,New chronic hepatitis B (HBV) infections (number),numeric,AFR,Africa,Country,CPV,Cabo Verde,Year,2022,true,,,,,,,,,,,,,98.00,,,,,,98,,,EN,2025-01-08 00:00:00
HEPATITIS_HBV_INFECTIONS_NEW_NUM,New chronic hepatitis B (HBV) infections (number),numeric,AMR,Americas,Country,CAN,Canada,Year,2022,true,,,,,,,,,,,,,98.00,,,,,,98,,,EN,2025-01-08 00:00:00
HEPATITIS_HBV_INFECTIONS_NEW_NUM,New chronic hepatitis B (HBV) infections (number),numeric,EUR,Europe,Country,UKR,Ukraine,Year,2022,true,,,,,,,,,,,,,990.00,,,,,,990,,,EN,2025-01-08 00:00:00
HEPATITIS_HCV_INFECTIONS_NEW_NUM,New chronic hepatitis C (HCV) infections (number),numeric,EUR,Europe,Country,MCO,Monaco,Year,2022,true,,,,,,,,,,,,,1.00,,,,,,1,,,EN,2025-01-08 00:00:00
HEPATITIS_HCV_INFECTIONS_NEW_NUM,New chronic hepatitis C (HCV) infections (number),numeric,WPR,Western Pacific,Country,NIU,Niue,Year,2022,true,,,,,,,,,,,,,1.00,,,,,,1,,,EN,2025-01-08 00:00:00
HEPATITIS_HCV_INFECTIONS_NEW_NUM,New chronic hepatitis C (HCV) infections (number),numeric,EUR,Europe,Country,SMR,San Marino,Year,2022,true,,,,,,,,,,,,,1.00,,,,,,1,,,EN,2025-01-08 00:00:00
HEPATITIS_HCV_INFECTIONS_NEW_NUM,New chronic hepatitis C (HCV) infections (number),numeric,WPR,Western Pacific,Country,FJI,Fiji,Year,2022,true,,,,,,,,,,,,,10.00,,,,,,10,,,EN,2025-01-08 00:00:00
HEPATITIS_HCV_INFECTIONS_NEW_NUM,New chronic hepatitis C (HCV) infections (number),numeric,AFR,Africa,Country,GHA,Ghana,Year,2022,true,,,,,,,,,,,,,10714.00,,,,,,10 714,,,EN,2025-01-08 00:00:00
HEPATITIS_HCV_INFECTIONS_NEW_NUM,New chronic hepatitis C (HCV) infections (number),numeric,AMR,Americas,Country,HTI,Haiti,Year,2022,true,,,,,,,,,,,,,1048.00,,,,,,1048,,,EN,2025-01-08 00:00:00
HEPATITIS_HCV_INFECTIONS_NEW_NUM,New chronic hepatitis C (HCV) infections (number),numeric,AMR,Americas,Country,GTM,Guatemala,Year,2022,true,,,,,,,,,,,,,1060.00,,,,,,1060,,,EN,2025-01-08 00:00:00
HEPATITIS_HCV_INFECTIONS_NEW_NUM,New chronic hepatitis C (HCV) infections (number),numeric,WPR,Western Pacific,Country,AUS,Australia,Year,2022,true,,,,,,,,,,,,,1091.00,,,,,,1091,,,EN,2025-01-08 00:00:00
HEPATITIS_HCV_INFECTIONS_NEW_NUM,New chronic hepatitis C (HCV) infections (number),numeric,AMR,Americas,Country,GRD,Grenada,Year,2022,true,,,,,,,,,,,,,11.00,,,,,,11,,,EN,2025-01-08 00:00:00
HEPATITIS_HCV_INFECTIONS_NEW_NUM,New chronic hepatitis C (HCV) infections (number),numeric,WPR,Western Pacific,Country,MHL,Marshall Islands,Year,2022,true,,,,,,,,,,,,,11.00,,,,,,11,,,EN,2025-01-08 00:00:00
HEPATITIS_HCV_INFECTIONS_NEW_NUM,New chronic hepatitis C (HCV) infections (number),numeric,EMR,Eastern Mediterranean,Country,SDN,Sudan,Year,2022,true,,,,,,,,,,,,,11876.00,,,,,,11 876,,,EN,2025-01-08 00:00:00
HEPATITIS_HCV_INFECTIONS_NEW_NUM,New chronic hepatitis C (HCV) infections (number),numeric,EMR,Eastern Mediterranean,Country,PAK,Pakistan,Year,2022,true,,,,,,,,,,,,,110000.00,,,,,,110 000,,,EN,2025-01-08 00:00:00
HEPATITIS_HCV_INFECTIONS_NEW_NUM,New chronic hepatitis C (HCV) infections (number),numeric,WPR,Western Pacific,Country,SGP,Singapore,Year,2022,true,,,,,,,,,,,,,116.00,,,,,,116,,,EN,2025-01-08 00:00:00
HEPATITIS_HCV_INFECTIONS_NEW_NUM,New chronic hepatitis C (HCV) infections (number),numeric,AFR,Africa,Country,COM,Comoros,Year,2022,true,,,,,,,,,,,,,117.00,,,,,,117,,,EN,2025-01-08 00:00:00
HEPATITIS_HCV_INFECTIONS_NEW_NUM,New chronic hepatitis C (HCV) infections (number),numeric,AMR,Americas,Country,CUB,Cuba,Year,2022,true,,,,,,,,,,,,,1184.00,,,,,,1184,,,EN,2025-01-08 00:00:00
HEPATITIS_HCV_INFECTIONS_NEW_NUM,New chronic hepatitis C (HCV) infections (number),numeric,AFR,Africa,Country,LSO,Lesotho,Year,2022,true,,,,,,,,,,,,,127.00,,,,,,127,,,EN,2025-01-08 00:00:00
HEPATITIS_HCV_INFECTIONS_NEW_NUM,New chronic hepatitis C (HCV) infections (number),numeric,AMR,Americas,Country,PRY,Paraguay,Year,2022,true,,,,,,,,,,,,,127.00,,,,,,127,,,EN,2025-01-08 00:00:00
HEPATITIS_HCV_INFECTIONS_NEW_NUM,New chronic hepatitis C (HCV) infections (number),numeric,AFR,Africa,Country,COD,Democratic Republic of the Congo,Year,2022,true,,,,,,,,,,,,,13104.00,,,,,,13 104,,,EN,2025-01-08 00:00:00
HEPATITIS_HCV_INFECTIONS_NEW_NUM,New chronic hepatitis C (HCV) infections (number),numeric,AFR,Africa,Country,ETH,Ethiopia,Year,2022,true,,,,,,,,,,,,,13490.00,,,,,,13 490,,,EN,2025-01-08 00:00:00
HEPATITIS_HCV_INFECTIONS_NEW_NUM,New chronic hepatitis C (HCV) infections (number),numeric,AFR,Africa,Country,TZA,United Republic of Tanzania,Year,2022,true,,,,,,,,,,,,,1312.00,,,,,,1312,,,EN,2025-01-08 00:00:00
HEPATITIS_HCV_INFECTIONS_NEW_NUM,New chronic hepatitis C (HCV) infections (number),numeric,WPR,Western Pacific,Country,JPN,Japan,Year,2022,true,,,,,,,,,,,,,1368.00,,,,,,1368,,,EN,2025-01-08 00:00:00
HEPATITIS_HCV_INFECTIONS_NEW_NUM,New chronic hepatitis C (HCV) infections (number),numeric,AMR,Americas,Country,TTO,Trinidad and Tobago,Year,2022,true,,,,,,,,,,,,,139.00,,,,,,139,,,EN,2025-01-08 00:00:00
HEPATITIS_HCV_INFECTIONS_NEW_NUM,New chronic hepatitis C (HCV) infections (number),numeric,AFR,Africa,Country,SYC,Seychelles,Year,2022,true,,,,,,,,,,,,,14.00,,,,,,14,,,EN,2025-01-08 00:00:00
HEPATITIS_HCV_INFECTIONS_NEW_NUM,New chronic hepatitis C (HCV) infections (number),numeric,AFR,Africa,Country,NAM,Namibia,Year,2022,true,,,,,,,,,,,,,141.00,,,,,,141,,,EN,2025-01-08 00:00:00
HEPATITIS_HCV_INFECTIONS_NEW_NUM,New chronic hepatitis C (HCV) infections (number),numeric,AFR,Africa,Country,SLE,Sierra Leone,Year,2022,true,,,,,,,,,,,,,1422.00,,,,,,1422,,,EN,2025-01-08 00:00:00
HEPATITIS_HCV_INFECTIONS_NEW_NUM,New chronic hepatitis C (HCV) infections (number),numeric,AFR,Africa,Country,BWA,Botswana,Year,2022,true,,,,,,,,,,,,,145.00,,,,,,145,,,EN,2025-01-08 00:00:00
HEPATITIS_HCV_INFECTIONS_NEW_NUM,New chronic hepatitis C (HCV) infections (number),numeric,AFR,Africa,Country,TGO,Togo,Year,2022,true,,,,,,,,,,,,,1462.00,,,,,,1462,,,EN,2025-01-08 00:00:00
HEPATITIS_HCV_INFECTIONS_NEW_NUM,New chronic hepatitis C (HCV) infections (number),numeric,EMR,Eastern Mediterranean,Country,QAT,Qatar,Year,2022,true,,,,,,,,,,,,,1526.00,,,,,,1526,,,EN,2025-01-08 00:00:00
HEPATITIS_HCV_INFECTIONS_NEW_NUM,New chronic hepatitis C (HCV) infections (number),numeric,AFR,Africa,Country,SSD,South Sudan,Year,2022,true,,,,,,,,,,,,,1527.00,,,,,,1527,,,EN,2025-01-08 00:00:00
HEPATITIS_HCV_INFECTIONS_NEW_NUM,New chronic hepatitis C (HCV) infections (number),numeric,EUR,Europe,Country,ISR,Israel,Year,2022,true,,,,,,,,,,,,,156.00,,,,,,156,,,EN,2025-01-08 00:00:00
HEPATITIS_HCV_INFECTIONS_NEW_NUM,New chronic hepatitis C (HCV) infections (number),numeric,WPR,Western Pacific,Country,MYS,Malaysia,Year,2022,true,,,,,,,,,,,,,1568.00,,,,,,1568,,,EN,2025-01-08 00:00:00
HEPATITIS_HCV_INFECTIONS_NEW_NUM,New chronic hepatitis C (HCV) infections (number),numeric,EMR,Eastern Mediterranean,Country,DJI,Djibouti,Year,2022,true,,,,,,,,,,,,,157.00,,,,,,157,,,EN,2025-01-08 00:00:00
HEPATITIS_HCV_INFECTIONS_NEW_NUM,New chronic hepatitis C (HCV) infections (number),numeric,AMR,Americas,Country,LCA,Saint Lucia,Year,2022,true,,,,,,,,,,,,,16.00,,,,,,16,,,EN,2025-01-08 00:00:00
HEPATITIS_HCV_INFECTIONS_NEW_NUM,New chronic hepatitis C (HCV) infections (number),numeric,AFR,Africa,Country,KEN,Kenya,Year,2022,true,,,,,,,,,,,,,16002.00,,,,,,16 002,,,EN,2025-01-08 00:00:00
HEPATITIS_HCV_INFECTIONS_NEW_NUM,New chronic hepatitis C (HCV) infections (number),numeric,EUR,Europe,Country,MDA,Republic of Moldova,Year,2022,true,,,,,,,,,,,,,1626.00,,,,,,1626,,,EN,2025-01-08 00:00:00
HEPATITIS_HCV_INFECTIONS_NEW_NUM,New chronic hepatitis C (HCV) infections (number),numeric,AFR,Africa,Country,MUS,Mauritius,Year,2022,true,,,,,,,,,,,,,167.00,,,,,,167,,,EN,2025-01-08 00:00:00
HEPATITIS_HCV_INFECTIONS_NEW_NUM,New chronic hepatitis C (HCV) infections (number),numeric,WPR,Western Pacific,Country,VNM,Viet Nam,Year,2022,true,,,,,,,,,,,,,17944.00,,,,,,17 944,,,EN,2025-01-08 00:00:00
HEPATITIS_HCV_INFECTIONS_NEW_NUM,New chronic hepatitis C (HCV) infections (number),numeric,EMR,Eastern Mediterranean,Country,BHR,Bahrain,Year,2022,true,,,,,,,,,,,,,172.00,,,,,,172,,,EN,2025-01-08 00:00:00
HEPATITIS_HCV_INFECTIONS_NEW_NUM,New chronic hepatitis C (HCV) infections (number),numeric,SEAR,South-East Asia,Country,TLS,Timor-Leste,Year,2022,true,,,,,,,,,,,,,173.00,,,,,,173,,,EN,2025-01-08 00:00:00
HEPATITIS_HCV_INFECTIONS_NEW_NUM,New chronic hepatitis C (HCV) infections (number),numeric,EUR,Europe,Country,UKR,Ukraine,Year,2022,true,,,,,,,,,,,,,18031.00,,,,,,18 031,,,EN,2025-01-08 00:00:00
HEPATITIS_HCV_INFECTIONS_NEW_NUM,New chronic hepatitis C (HCV) infections (number),numeric,EUR,Europe,Country,TUR,Türkiye,Year,2022,true,,,,,,,,,,,,,1827.00,,,,,,1827,,,EN,2025-01-08 00:00:00
HEPATITIS_HCV_INFECTIONS_NEW_NUM,New chronic hepatitis C (HCV) infections (number),numeric,WPR,Western Pacific,Country,SLB,Solomon Islands,Year,2022,true,,,,,,,,,,,,,191.00,,,,,,191,,,EN,2025-01-08 00:00:00
HEPATITIS_HCV_INFECTIONS_NEW_NUM,New chronic hepatitis C (HCV) infections (number),numeric,WPR,Western Pacific,Country,KOR,Republic of Korea,Year,2022,true,,,,,,,,,,,,,1910.00,,,,,,1910,,,EN,2025-01-08 00:00:00
HEPATITIS_HCV_INFECTIONS_NEW_NUM,New chronic hepatitis C (HCV) infections (number),numeric,WPR,Western Pacific,Country,MNG,Mongolia,Year,2022,true,,,,,,,,,,,,,1939.00,,,,,,1939,,,EN,2025-01-08 00:00:00
HEPATITIS_HCV_INFECTIONS_NEW_NUM,New chronic hepatitis C (HCV) infections (number),numeric,EMR,Eastern Mediterranean,Country,SAU,Saudi Arabia,Year,2022,true,,,,,,,,,,,,,1943.00,,,,,,1943,,,EN,2025-01-08 00:00:00
HEPATITIS_HCV_INFECTIONS_NEW_NUM,New chronic hepatitis C (HCV) infections (number),numeric,AMR,Americas,Country,CHL,Chile,Year,2022,true,,,,,,,,,,,,,203.00,,,,,,203,,,EN,2025-01-08 00:00:00
HEPATITIS_HCV_INFECTIONS_NEW_NUM,New chronic hepatitis C (HCV) infections (number),numeric,EMR,Eastern Mediterranean,Country,LBN,Lebanon,Year,2022,true,,,,,,,,,,,,,228.00,,,,,,228,,,EN,2025-01-08 00:00:00
HEPATITIS_HCV_INFECTIONS_NEW_NUM,New chronic hepatitis C (HCV) infections (number),numeric,AFR,Africa,Country,GIN,Guinea,Year,2022,true,,,,,,,,,,,,,2290.00,,,,,,2290,,,EN,2025-01-08 00:00:00
HEPATITIS_HCV_INFECTIONS_NEW_NUM,New chronic hepatitis C (HCV) infections (number),numeric,AFR,Africa,Country,MDG,Madagascar,Year,2022,true,,,,,,,,,,,,,2329.00,,,,,,2329,,,EN,2025-01-08 00:00:00
HEPATITIS_HCV_INFECTIONS_NEW_NUM,New chronic hepatitis C (HCV) infections (number),numeric,EMR,Eastern Mediterranean,Country,SOM,Somalia,Year,2022,true,,,,,,,,,,,,,2462.00,,,,,,2462,,,EN,2024-04-02 00:00:00
HEPATITIS_HCV_INFECTIONS_NEW_NUM,New chronic hepatitis C (HCV) infections (number),numeric,AMR,Americas,Country,BRB,Barbados,Year,2022,true,,,,,,,,,,,,,25.00,,,,,,25,,,EN,2025-01-08 00:00:00
HEPATITIS_HCV_INFECTIONS_NEW_NUM,New chronic hepatitis C (HCV) infections (number),numeric,AFR,Africa,Country,GNQ,Equatorial Guinea,Year,2022,true,,,,,,,,,,,,,256.00,,,,,,256,,,EN,2025-01-08 00:00:00
HEPATITIS_HCV_INFECTIONS_NEW_NUM,New chronic hepatitis C (HCV) infections (number),numeric,AMR,Americas,Country,JAM,Jamaica,Year,2022,true,,,,,,,,,,,,,256.00,,,,,,256,,,EN,2025-01-08 00:00:00
HEPATITIS_HCV_INFECTIONS_NEW_NUM,New chronic hepatitis C (HCV) infections (number),numeric,EUR,Europe,Country,MKD,North Macedonia,Year,2022,true,,,,,,,,,,,,,267.00,,,,,,267,,,EN,2025-01-08 00:00:00
HEPATITIS_HCV_INFECTIONS_NEW_NUM,New chronic hepatitis C (HCV) infections (number),numeric,AFR,Africa,Country,NGA,Nigeria,Year,2022,true,,,,,,,,,,,,,27596.00,,,,,,27 596,,,EN,2025-01-08 00:00:00
HEPATITIS_HCV_INFECTIONS_NEW_NUM,New chronic hepatitis C (HCV) infections (number),numeric,AFR,Africa,Country,TCD,Chad,Year,2022,true,,,,,,,,,,,,,2755.00,,,,,,2755,,,EN,2025-01-08 00:00:00
HEPATITIS_HCV_INFECTIONS_NEW_NUM,New chronic hepatitis C (HCV) infections (number),numeric,WPR,Western Pacific,Country,TON,Tonga,Year,2022,true,,,,,,,,,,,,,28.00,,,,,,28,,,EN,2025-01-08 00:00:00
HEPATITIS_HCV_INFECTIONS_NEW_NUM,New chronic hepatitis C (HCV) infections (number),numeric,AFR,Africa,Country,ZMB,Zambia,Year,2022,true,,,,,,,,,,,,,2801.00,,,,,,2801,,,EN,2025-01-08 00:00:00
HEPATITIS_HCV_INFECTIONS_NEW_NUM,New chronic hepatitis C (HCV) infections (number),numeric,EMR,Eastern Mediterranean,Country,LBY,Libya,Year,2022,true,,,,,,,,,,,,,2803.00,,,,,,2803,,,EN,2024-04-02 00:00:00
HEPATITIS_HCV_INFECTIONS_NEW_NUM,New chronic hepatitis C (HCV) infections (number),numeric,SEAR,South-East Asia,Country,LKA,Sri Lanka,Year,2022,true,,,,,,,,,,,,,2814.00,,,,,,2814,,,EN,2025-01-08 00:00:00
HEPATITIS_HCV_INFECTIONS_NEW_NUM,New chronic hepatitis C (HCV) infections (number),numeric,AFR,Africa,Country,GAB,Gabon,Year,2022,true,,,,,,,,,,,,,2847.00,,,,,,2847,,,EN,2025-01-08 00:00:00
HEPATITIS_HCV_INFECTIONS_NEW_NUM,New chronic hepatitis C (HCV) infections (number),numeric,AFR,Africa,Country,MWI,Malawi,Year,2022,true,,,,,,,,,,,,,2855.00,,,,,,2855,,,EN,2025-01-08 00:00:00
HEPATITIS_HCV_INFECTIONS_NEW_NUM,New chronic hepatitis C (HCV) infections (number),numeric,WPR,Western Pacific,Country,PNG,Papua New Guinea,Year,2022,true,,,,,,,,,,,,,2856.00,,,,,,2856,,,EN,2025-01-08 00:00:00
HEPATITIS_HCV_INFECTIONS_NEW_NUM,New chronic hepatitis C (HCV) infections (number),numeric,AFR,Africa,Country,SEN,Senegal,Year,2022,true,,,,,,,,,,,,,2861.00,,,,,,2861,,,EN,2025-01-08 00:00:00
HEPATITIS_HCV_INFECTIONS_NEW_NUM,New chronic hepatitis C (HCV) infections (number),numeric,AMR,Americas,Country,BOL,Bolivia (Plurinational State of),Year,2022,true,,,,,,,,,,,,,292.00,,,,,,292,,,EN,2025-01-08 00:00:00
HEPATITIS_HCV_INFECTIONS_NEW_NUM,New chronic hepatitis C (HCV) infections (number),numeric,EUR,Europe,Country,AND,Andorra,Year,2022,true,,,,,,,,,,,,,3.00,,,,,,3,,,EN,2025-01-08 00:00:00
HEPATITIS_HCV_INFECTIONS_NEW_NUM,New chronic hepatitis C (HCV) infections (number),numeric,WPR,Western Pacific,Country,NRU,Nauru,Year,2022,true,,,,,,,,,,,,,3.00,,,,,,3,,,EN,2025-01-08 00:00:00
HEPATITIS_HCV_INFECTIONS_NEW_NUM,New chronic hepatitis C (HCV) infections (number),numeric,WPR,Western Pacific,Country,TUV,Tuvalu,Year,2022,true,,,,,,,,,,,,,3.00,,,,,,3,,,EN,2025-01-08 00:00:00
HEPATITIS_HCV_INFECTIONS_NEW_NUM,New chronic hepatitis C (HCV) infections (number),numeric,WPR,Western Pacific,Country,FSM,Micronesia (Federated States of),Year,2022,true,,,,,,,,,,,,,30.00,,,,,,30,,,EN,2025-01-08 00:00:00
HEPATITIS_HCV_INFECTIONS_NEW_NUM,New chronic hepatitis C (HCV) infections (number),numeric,AFR,Africa,Country,GMB,Gambia,Year,2022,true,,,,,,,,,,,,,307.00,,,,,,307,,,EN,2025-01-08 00:00:00
HEPATITIS_HCV_INFECTIONS_NEW_NUM,New chronic hepatitis C (HCV) infections (number),numeric,AMR,Americas,Country,CRI,Costa Rica,Year,2022,true,,,,,,,,,,,,,308.00,,,,,,308,,,EN,2025-01-08 00:00:00
HEPATITIS_HCV_INFECTIONS_NEW_NUM,New chronic hepatitis C (HCV) infections (number),numeric,AMR,Americas,Country,VEN,Venezuela (Bolivarian Republic of),Year,2022,true,,,,,,,,,,,,,3150.00,,,,,,3150,,,EN,2025-01-08 00:00:00
HEPATITIS_HCV_INFECTIONS_NEW_NUM,New chronic hepatitis C (HCV) infections (number),numeric,AFR,Africa,Country,ZAF,South Africa,Year,2022,true,,,,,,,,,,,,,3159.00,,,,,,3159,,,EN,2025-01-08 00:00:00
HEPATITIS_HCV_INFECTIONS_NEW_NUM,New chronic hepatitis C (HCV) infections (number),numeric,EUR,Europe,Country,RUS,Russian Federation,Year,2022,true,,,,,,,,,,,,,33877.00,,,,,,33 877,,,EN,2025-01-08 00:00:00
HEPATITIS_HCV_INFECTIONS_NEW_NUM,New chronic hepatitis C (HCV) infections (number),numeric,EUR,Europe,Country,BLR,Belarus,Year,2022,true,,,,,,,,,,,,,3322.00,,,,,,3322,,,EN,2024-04-02 00:00:00
HEPATITIS_HCV_INFECTIONS_NEW_NUM,New chronic hepatitis C (HCV) infections (number),numeric,AFR,Africa,Country,RWA,Rwanda,Year,2022,true,,,,,,,,,,,,,3352.00,,,,,,3352,,,EN,2024-04-02 00:00:00
HEPATITIS_HCV_INFECTIONS_NEW_NUM,New chronic hepatitis C (HCV) infections (number),numeric,WPR,Western Pacific,Country,KIR,Kiribati,Year,2022,true,,,,,,,,,,,,,34.00,,,,,,34,,,EN,2025-01-08 00:00:00
HEPATITIS_HCV_INFECTIONS_NEW_NUM,New chronic hepatitis C (HCV) infections (number),numeric,EMR,Eastern Mediterranean,Country,MAR,Morocco,Year,2022,true,,,,,,,,,,,,,3416.00,,,,,,3416,,,EN,2025-01-08 00:00:00
HEPATITIS_HCV_INFECTIONS_NEW_NUM,New chronic hepatitis C (HCV) infections (number),numeric,AFR,Africa,Country,MOZ,Mozambique,Year,2022,true,,,,,,,,,,,,,3439.00,,,,,,3439,,,EN,2025-01-08 00:00:00
HEPATITIS_HCV_INFECTIONS_NEW_NUM,New chronic hepatitis C (HCV) infections (number),numeric,AFR,Africa,Country,GNB,Guinea-Bissau,Year,2022,true,,,,,,,,,,,,,348.00,,,,,,348,,,EN,2025-01-08 00:00:00
HEPATITIS_HCV_INFECTIONS_NEW_NUM,New chronic hepatitis C (HCV) infections (number),numeric,EUR,Europe,Country,UZB,Uzbekistan,Year,2022,true,,,,,,,,,,,,,35598.00,,,,,,35 598,,,EN,2025-01-08 00:00:00
HEPATITIS_HCV_INFECTIONS_NEW_NUM,New chronic hepatitis C (HCV) infections (number),numeric,EUR,Europe,Country,ALB,Albania,Year,2022,true,,,,,,,,,,,,,363.00,,,,,,363,,,EN,2025-01-08 00:00:00
HEPATITIS_HCV_INFECTIONS_NEW_NUM,New chronic hepatitis C (HCV) infections (number),numeric,AMR,Americas,Country,COL,Colombia,Year,2022,true,,,,,,,,,,,,,3646.00,,,,,,3646,,,EN,2025-01-08 00:00:00
HEPATITIS_HCV_INFECTIONS_NEW_NUM,New chronic hepatitis C (HCV) infections (number),numeric,AMR,Americas,Country,BHS,Bahamas,Year,2022,true,,,,,,,,,,,,,37.00,,,,,,37,,,EN,2025-01-08 00:00:00
HEPATITIS_HCV_INFECTIONS_NEW_NUM,New chronic hepatitis C (HCV) infections (number),numeric,AMR,Americas,Country,BLZ,Belize,Year,2022,true,,,,,,,,,,,,,37.00,,,,,,37,,,EN,2025-01-08 00:00:00
HEPATITIS_HCV_INFECTIONS_NEW_NUM,New chronic hepatitis C (HCV) infections (number),numeric,AMR,Americas,Country,PAN,Panama,Year,2022,true,,,,,,,,,,,,,371.00,,,,,,371,,,EN,2025-01-08 00:00:00
HEPATITIS_HCV_INFECTIONS_NEW_NUM,New chronic hepatitis C (HCV) infections (number),numeric,AFR,Africa,Country,CMR,Cameroon,Year,2022,true,,,,,,,,,,,,,3725.00,,,,,,3725,,,EN,2025-01-08 00:00:00
HEPATITIS_HCV_INFECTIONS_NEW_NUM,New chronic hepatitis C (HCV) infections (number),numeric,AFR,Africa,Country,MLI,Mali,Year,2022,true,,,,,,,,,,,,,3733.00,,,,,,3733,,,EN,2024-04-02 00:00:00
HEPATITIS_HCV_INFECTIONS_NEW_NUM,New chronic hepatitis C (HCV) infections (number),numeric,AFR,Africa,Country,STP,Sao Tome and Principe,Year,2022,true,,,,,,,,,,,,,38.00,,,,,,38,,,EN,2025-01-08 00:00:00
HEPATITIS_HCV_INFECTIONS_NEW_NUM,New chronic hepatitis C (HCV) infections (number),numeric,WPR,Western Pacific,Country,IDN,Indonesia,Year,2022,true,,,,,,,,,,,,,39134.00,,,,,,39 134,,,EN,2025-01-08 00:00:00
HEPATITIS_HCV_INFECTIONS_NEW_NUM,New chronic hepatitis C (HCV) infections (number),numeric,EMR,Eastern Mediterranean,Country,OMN,Oman,Year,2022,true,,,,,,,,,,,,,398.00,,,,,,398,,,EN,2025-01-08 00:00:00
HEPATITIS_HCV_INFECTIONS_NEW_NUM,New chronic hepatitis C (HCV) infections (number),numeric,WPR,Western Pacific,Country,COK,Cook Islands,Year,2022,true,,,,,,,,,,,,,4.00,,,,,,4,,,EN,2025-01-08 00:00:00
HEPATITIS_HCV_INFECTIONS_NEW_NUM,New chronic hepatitis C (HCV) infections (number),numeric,AMR,Americas,Country,BRA,Brazil,Year,2022,true,,,,,,,,,,,,,4028.00,,,,,,4028,,,EN,2025-01-08 00:00:00
HEPATITIS_HCV_INFECTIONS_NEW_NUM,New chronic hepatitis C (HCV) infections (number),numeric,AFR,Africa,Country,CAF,Central African Republic,Year,2022,true,,,,,,,,,,,,,410.00,,,,,,410,,,EN,2025-01-08 00:00:00
HEPATITIS_HCV_INFECTIONS_NEW_NUM,New chronic hepatitis C (HCV) infections (number),numeric,EUR,Europe,Country,KGZ,Kyrgyzstan,Year,2022,true,,,,,,,,,,,,,4103.00,,,,,,4103,,,EN,2025-01-08 00:00:00
HEPATITIS_HCV_INFECTIONS_NEW_NUM,New chronic hepatitis C (HCV) infections (number),numeric,EUR,Europe,Country,BIH,Bosnia and Herzegovina,Year,2022,true,,,,,,,,,,,,,412.00,,,,,,412,,,EN,2025-01-08 00:00:00
HEPATITIS_HCV_INFECTIONS_NEW_NUM,New chronic hepatitis C (HCV) infections (number),numeric,AMR,Americas,Country,NIC,Nicaragua,Year,2022,true,,,,,,,,,,,,,413.00,,,,,,413,,,EN,2025-01-08 00:00:00
HEPATITIS_HCV_INFECTIONS_NEW_NUM,New chronic hepatitis C (HCV) infections (number),numeric,EMR,Eastern Mediterranean,Country,YEM,Yemen,Year,2022,true,,,,,,,,,,,,,4143.00,,,,,,4143,,,EN,2025-01-08 00:00:00
HEPATITIS_HCV_INFECTIONS_NEW_NUM,New chronic hepatitis C (HCV) infections (number),numeric,EUR,Europe,Country,ISL,Iceland,Year,2022,true,,,,,,,,,,,,,42.00,,,,,,42,,,EN,2025-01-08 00:00:00
HEPATITIS_HCV_INFECTIONS_NEW_NUM,New chronic hepatitis C (HCV) infections (number),numeric,AFR,Africa,Country,BEN,Benin,Year,2022,true,,,,,,,,,,,,,4284.00,,,,,,4284,,,EN,2025-01-08 00:00:00
HEPATITIS_HCV_INFECTIONS_NEW_NUM,New chronic hepatitis C (HCV) infections (number),numeric,SEAR,South-East Asia,Country,BTN,Bhutan,Year,2022,true,,,,,,,,,,,,,43.00,,,,,,43,,,EN,2024-04-02 00:00:00
HEPATITIS_HCV_INFECTIONS_NEW_NUM,New chronic hepatitis C (HCV) infections (number),numeric,AMR,Americas,Country,ECU,Ecuador,Year,2022,true,,,,,,,,,,,,,430.00,,,,,,430,,,EN,2025-01-08 00:00:00
HEPATITIS_HCV_INFECTIONS_NEW_NUM,New chronic hepatitis C (HCV) infections (number),numeric,AFR,Africa,Country,NER,Niger,Year,2022,true,,,,,,,,,,,,,4313.00,,,,,,4313,,,EN,2025-01-08 00:00:00
HEPATITIS_HCV_INFECTIONS_NEW_NUM,New chronic hepatitis C (HCV) infections (number),numeric,EUR,Europe,Country,TKM,Turkmenistan,Year,2022,true,,,,,,,,,,,,,4579.00,,,,,,4579,,,EN,2025-01-08 00:00:00
HEPATITIS_HCV_INFECTIONS_NEW_NUM,New chronic hepatitis C (HCV) infections (number),numeric,WPR,Western Pacific,Country,KHM,Cambodia,Year,2022,true,,,,,,,,,,,,,4625.00,,,,,,4625,,,EN,2024-04-02 00:00:00
HEPATITIS_HCV_INFECTIONS_NEW_NUM,New chronic hepatitis C (HCV) infections (number),numeric,AFR,Africa,Country,CIV,Cote d'Ivoire,Year,2022,true,,,,,,,,,,,,,4653.00,,,,,,4653,,,EN,2025-01-08 00:00:00
HEPATITIS_HCV_INFECTIONS_NEW_NUM,New chronic hepatitis C (HCV) infections (number),numeric,EMR,Eastern Mediterranean,Country,IRQ,Iraq,Year,2022,true,,,,,,,,,,,,,4733.00,,,,,,4733,,,EN,2025-01-08 00:00:00
HEPATITIS_HCV_INFECTIONS_NEW_NUM,New chronic hepatitis C (HCV) infections (number),numeric,SEAR,South-East Asia,Country,NPL,Nepal,Year,2022,true,,,,,,,,,,,,,4799.00,,,,,,4799,,,EN,2025-01-08 00:00:00
HEPATITIS_HCV_INFECTIONS_NEW_NUM,New chronic hepatitis C (HCV) infections (number),numeric,EUR,Europe,Country,ARM,Armenia,Year,2022,true,,,,,,,,,,,,,48.00,,,,,,48,,,EN,2024-04-02 00:00:00
HEPATITIS_HCV_INFECTIONS_NEW_NUM,New chronic hepatitis C (HCV) infections (number),numeric,EMR,Eastern Mediterranean,Country,KWT,Kuwait,Year,2022,true,,,,,,,,,,,,,480.00,,,,,,480,,,EN,2025-01-08 00:00:00
HEPATITIS_HCV_INFECTIONS_NEW_NUM,New chronic hepatitis C (HCV) infections (number),numeric,WPR,Western Pacific,Country,PLW,Palau,Year,2022,true,,,,,,,,,,,,,5.00,,,,,,5,,,EN,2025-01-08 00:00:00
HEPATITIS_HCV_INFECTIONS_NEW_NUM,New chronic hepatitis C (HCV) infections (number),numeric,AMR,Americas,Country,KNA,Saint Kitts and Nevis,Year,2022,true,,,,,,,,,,,,,5.00,,,,,,5,,,EN,2025-01-08 00:00:00
HEPATITIS_HCV_INFECTIONS_NEW_NUM,New chronic hepatitis C (HCV) infections (number),numeric,EUR,Europe,Country,NOR,Norway,Year,2022,true,,,,,,,,,,,,,50.00,,,,,,50,,,EN,2025-01-08 00:00:00
HEPATITIS_HCV_INFECTIONS_NEW_NUM,New chronic hepatitis C (HCV) infections (number),numeric,AFR,Africa,Country,ERI,Eritrea,Year,2022,true,,,,,,,,,,,,,515.00,,,,,,515,,,EN,2025-01-08 00:00:00
HEPATITIS_HCV_INFECTIONS_NEW_NUM,New chronic hepatitis C (HCV) infections (number),numeric,AFR,Africa,Country,DZA,Algeria,Year,2022,true,,,,,,,,,,,,,5150.00,,,,,,5150,,,EN,2025-01-08 00:00:00
HEPATITIS_HCV_INFECTIONS_NEW_NUM,New chronic hepatitis C (HCV) infections (number),numeric,AMR,Americas,Country,DOM,Dominican Republic,Year,2022,true,,,,,,,,,,,,,537.00,,,,,,537,,,EN,2025-01-08 00:00:00
HEPATITIS_HCV_INFECTIONS_NEW_NUM,New chronic hepatitis C (HCV) infections (number),numeric,AFR,Africa,Country,AGO,Angola,Year,2022,true,,,,,,,,,,,,,5443.00,,,,,,5443,,,EN,2025-01-08 00:00:00
HEPATITIS_HCV_INFECTIONS_NEW_NUM,New chronic hepatitis C (HCV) infections (number),numeric,AMR,Americas,Country,SUR,Suriname,Year,2022,true,,,,,,,,,,,,,56.00,,,,,,56,,,EN,2025-01-08 00:00:00
HEPATITIS_HCV_INFECTIONS_NEW_NUM,New chronic hepatitis C (HCV) infections (number),numeric,AFR,Africa,Country,UGA,Uganda,Year,2022,true,,,,,,,,,,,,,5678.00,,,,,,5678,,,EN,2025-01-08 00:00:00
HEPATITIS_HCV_INFECTIONS_NEW_NUM,New chronic hepatitis C (HCV) infections (number),numeric,AMR,Americas,Country,URY,Uruguay,Year,2022,true,,,,,,,,,,,,,57.00,,,,,,57,,,EN,2025-01-08 00:00:00
HEPATITIS_HCV_INFECTIONS_NEW_NUM,New chronic hepatitis C (HCV) infections (number),numeric,AMR,Americas,Country,MEX,Mexico,Year,2022,true,,,,,,,,,,,,,5736.00,,,,,,5736,,,EN,2024-04-02 00:00:00
HEPATITIS_HCV_INFECTIONS_NEW_NUM,New chronic hepatitis C (HCV) infections (number),numeric,EMR,Eastern Mediterranean,Country,JOR,Jordan,Year,2022,true,,,,,,,,,,,,,575.00,,,,,,575,,,EN,2025-01-08 00:00:00
HEPATITIS_HCV_INFECTIONS_NEW_NUM,New chronic hepatitis C (HCV) infections (number),numeric,EMR,Eastern Mediterranean,Country,AFG,Afghanistan,Year,2022,true,,,,,,,,,,,,,5781.00,,,,,,5781,,,EN,2025-01-08 00:00:00
HEPATITIS_HCV_INFECTIONS_NEW_NUM,New chronic hepatitis C (HCV) infections (number),numeric,WPR,Western Pacific,Country,WSM,Samoa,Year,2022,true,,,,,,,,,,,,,58.00,,,,,,58,,,EN,2025-01-08 00:00:00
HEPATITIS_HCV_INFECTIONS_NEW_NUM,New chronic hepatitis C (HCV) infections (number),numeric,EUR,Europe,Country,CHE,Switzerland,Year,2022,true,,,,,,,,,,,,,584.00,,,,,,584,,,EN,2025-01-08 00:00:00
HEPATITIS_HCV_INFECTIONS_NEW_NUM,New chronic hepatitis C (HCV) infections (number),numeric,WPR,Western Pacific,Country,NZL,New Zealand,Year,2022,true,,,,,,,,,,,,,586.00,,,,,,586,,,EN,2025-01-08 00:00:00
HEPATITIS_HCV_INFECTIONS_NEW_NUM,New chronic hepatitis C (HCV) infections (number),numeric,EUR,Europe,Country,GEO,Georgia,Year,2022,true,,,,,,,,,,,,,60.00,,,,,,60,,,EN,2024-04-02 00:00:00
HEPATITIS_HCV_INFECTIONS_NEW_NUM,New chronic hepatitis C (HCV) infections (number),numeric,AFR,Africa,Country,BFA,Burkina Faso,Year,2022,true,,,,,,,,,,,,,6194.00,,,,,,6194,,,EN,2024-04-02 00:00:00
HEPATITIS_HCV_INFECTIONS_NEW_NUM,New chronic hepatitis C (HCV) infections (number),numeric,AMR,Americas,Country,HND,Honduras,Year,2022,true,,,,,,,,,,,,,620.00,,,,,,620,,,EN,2025-01-08 00:00:00
HEPATITIS_HCV_INFECTIONS_NEW_NUM,New chronic hepatitis C (HCV) infections (number),numeric,AFR,Africa,Country,SWZ,Eswatini,Year,2022,true,,,,,,,,,,,,,66.00,,,,,,66,,,EN,2025-01-08 00:00:00
HEPATITIS_HCV_INFECTIONS_NEW_NUM,New chronic hepatitis C (HCV) infections (number),numeric,AMR,Americas,Country,CAN,Canada,Year,2022,true,,,,,,,,,,,,,663.00,,,,,,663,,,EN,2025-01-08 00:00:00
HEPATITIS_HCV_INFECTIONS_NEW_NUM,New chronic hepatitis C (HCV) infections (number),numeric,SEAR,South-East Asia,Country,THA,Thailand,Year,2022,true,,,,,,,,,,,,,6630.00,,,,,,6630,,,EN,2024-04-02 00:00:00
HEPATITIS_HCV_INFECTIONS_NEW_NUM,New chronic hepatitis C (HCV) infections (number),numeric,EMR,Eastern Mediterranean,Country,IRN,Iran (Islamic Republic of),Year,2022,true,,,,,,,,,,,,,6780.00,,,,,,6780,,,EN,2025-01-08 00:00:00
HEPATITIS_HCV_INFECTIONS_NEW_NUM,New chronic hepatitis C (HCV) infections (number),numeric,SEAR,South-East Asia,Country,MDV,Maldives,Year,2022,true,,,,,,,,,,,,,68.00,,,,,,68,,,EN,2025-01-08 00:00:00
HEPATITIS_HCV_INFECTIONS_NEW_NUM,New chronic hepatitis C (HCV) infections (number),numeric,AMR,Americas,Country,DMA,Dominica,Year,2022,true,,,,,,,,,,,,,7.00,,,,,,7,,,EN,2025-01-08 00:00:00
HEPATITIS_HCV_INFECTIONS_NEW_NUM,New chronic hepatitis C (HCV) infections (number),numeric,AFR,Africa,Country,BDI,Burundi,Year,2022,true,,,,,,,,,,,,,7043.00,,,,,,7043,,,EN,2025-01-08 00:00:00
HEPATITIS_HCV_INFECTIONS_NEW_NUM,New chronic hepatitis C (HCV) infections (number),numeric,EUR,Europe,Country,TJK,Tajikistan,Year,2022,true,,,,,,,,,,,,,7103.00,,,,,,7103,,,EN,2025-01-08 00:00:00
HEPATITIS_HCV_INFECTIONS_NEW_NUM,New chronic hepatitis C (HCV) infections (number),numeric,EMR,Eastern Mediterranean,Country,ARE,United Arab Emirates,Year,2022,true,,,,,,,,,,,,,7168.00,,,,,,7168,,,EN,2025-01-08 00:00:00
HEPATITIS_HCV_INFECTIONS_NEW_NUM,New chronic hepatitis C (HCV) infections (number),numeric,AMR,Americas,Country,GUY,Guyana,Year,2022,true,,,,,,,,,,,,,73.00,,,,,,73,,,EN,2025-01-08 00:00:00
HEPATITIS_HCV_INFECTIONS_NEW_NUM,New chronic hepatitis C (HCV) infections (number),numeric,EMR,Eastern Mediterranean,Country,SYR,Syrian Arab Republic,Year,2022,true,,,,,,,,,,,,,7313.00,,,,,,7313,,,EN,2025-01-08 00:00:00
HEPATITIS_HCV_INFECTIONS_NEW_NUM,New chronic hepatitis C (HCV) infections (number),numeric,EUR,Europe,Country,KAZ,Kazakhstan,Year,2022,true,,,,,,,,,,,,,7359.00,,,,,,7359,,,EN,2025-01-08 00:00:00
HEPATITIS_HCV_INFECTIONS_NEW_NUM,New chronic hepatitis C (HCV) infections (number),numeric,AMR,Americas,Country,SLV,El Salvador,Year,2022,true,,,,,,,,,,,,,74.00,,,,,,74,,,EN,2025-01-08 00:00:00
HEPATITIS_HCV_INFECTIONS_NEW_NUM,New chronic hepatitis C (HCV) infections (number),numeric,AFR,Africa,Country,MRT,Mauritania,Year,2022,true,,,,,,,,,,,,,782.00,,,,,,782,,,EN,2025-01-08 00:00:00
HEPATITIS_HCV_INFECTIONS_NEW_NUM,New chronic hepatitis C (HCV) infections (number),numeric,AMR,Americas,Country,ATG,Antigua and Barbuda,Year,2022,true,,,,,,,,,,,,,8.00,,,,,,8,,,EN,2025-01-08 00:00:00
HEPATITIS_HCV_INFECTIONS_NEW_NUM,New chronic hepatitis C (HCV) infections (number),numeric,EUR,Europe,Country,MNE,Montenegro,Year,2022,true,,,,,,,,,,,,,80.00,,,,,,80,,,EN,2025-01-08 00:00:00
HEPATITIS_HCV_INFECTIONS_NEW_NUM,New chronic hepatitis C (HCV) infections (number),numeric,AMR,Americas,Country,PER,Peru,Year,2022,true,,,,,,,,,,,,,814.00,,,,,,814,,,EN,2025-01-08 00:00:00
HEPATITIS_HCV_INFECTIONS_NEW_NUM,New chronic hepatitis C (HCV) infections (number),numeric,WPR,Western Pacific,Country,VUT,Vanuatu,Year,2022,true,,,,,,,,,,,,,85.00,,,,,,85,,,EN,2024-04-02 00:00:00
HEPATITIS_HCV_INFECTIONS_NEW_NUM,New chronic hepatitis C (HCV) infections (number),numeric,AMR,Americas,Country,ARG,Argentina,Year,2022,true,,,,,,,,,,,,,875.00,,,,,,875,,,EN,2025-01-08 00:00:00
HEPATITIS_HCV_INFECTIONS_NEW_NUM,New chronic hepatitis C (HCV) infections (number),numeric,AFR,Africa,Country,LBR,Liberia,Year,2022,true,,,,,,,,,,,,,876.00,,,,,,876,,,EN,2025-01-08 00:00:00
HEPATITIS_HCV_INFECTIONS_NEW_NUM,New chronic hepatitis C (HCV) infections (number),numeric,WPR,Western Pacific,Country,PHL,Philippines,Year,2022,true,,,,,,,,,,,,,8939.00,,,,,,8939,,,EN,2024-04-02 00:00:00
HEPATITIS_HCV_INFECTIONS_NEW_NUM,New chronic hepatitis C (HCV) infections (number),numeric,AFR,Africa,Country,ZWE,Zimbabwe,Year,2022,true,,,,,,,,,,,,,897.00,,,,,,897,,,EN,2025-01-08 00:00:00
HEPATITIS_HCV_INFECTIONS_NEW_NUM,New chronic hepatitis C (HCV) infections (number),numeric,WPR,Western Pacific,Country,BRN,Brunei Darussalam,Year,2022,true,,,,,,,,,,,,,9.00,,,,,,9,,,EN,2025-01-08 00:00:00
HEPATITIS_HCV_INFECTIONS_NEW_NUM,New chronic hepatitis C (HCV) infections (number),numeric,AMR,Americas,Country,VCT,Saint Vincent and the Grenadines,Year,2022,true,,,,,,,,,,,,,9.00,,,,,,9,,,EN,2025-01-08 00:00:00
HEPATITIS_HCV_INFECTIONS_NEW_NUM,New chronic hepatitis C (HCV) infections (number),numeric,AFR,Africa,Country,COG,Congo,Year,2022,true,,,,,,,,,,,,,913.00,,,,,,913,,,EN,2025-01-08 00:00:00
HEPATITIS_HCV_INFECTIONS_NEW_NUM,New chronic hepatitis C (HCV) infections (number),numeric,EUR,Europe,Country,SRB,Serbia,Year,2022,true,,,,,,,,,,,,,921.00,,,,,,921,,,EN,2025-01-08 00:00:00
HEPATITIS_HCV_INFECTIONS_NEW_NUM,New chronic hepatitis C (HCV) infections (number),numeric,EMR,Eastern Mediterranean,Country,TUN,Tunisia,Year,2022,true,,,,,,,,,,,,,940.00,,,,,,940,,,EN,2025-01-08 00:00:00
HEPATITIS_HCV_INFECTIONS_NEW_NUM,New chronic hepatitis C (HCV) infections (number),numeric,EMR,Eastern Mediterranean,Country,EGY,Egypt,Year,2022,true,,,,,,,,,,,,,9708.00,,,,,,9708,,,EN,2024-04-02 00:00:00
HEPATITIS_HCV_INFECTIONS_NEW_NUM,New chronic hepatitis C (HCV) infections (number),numeric,WPR,Western Pacific,Country,LAO,Lao People's Democratic Republic,Year,2022,true,,,,,,,,,,,,,971.00,,,,,,971,,,EN,2024-04-02 00:00:00
HEPATITIS_HCV_INFECTIONS_NEW_NUM,New chronic hepatitis C (HCV) infections (number),numeric,AFR,Africa,Country,CPV,Cabo Verde,Year,2022,true,,,,,,,,,,,,,98.00,,,,,,98,,,EN,2025-01-08 00:00:00
